validation loss,epoch,step
41.48823928833008,0,2
52.14813995361328,1,5
51.71303176879883,2,8
42.60756301879883,3,11
