validation loss,epoch,step
41.750160217285156,0,2
54.2532844543457,1,5
53.56584930419922,2,8
43.41742706298828,3,11
