validation loss,epoch,step
6.33425760269165,0,2
6.2254486083984375,1,5
6.513718605041504,2,8
7.088393211364746,3,11
7.736809730529785,4,14
