validation loss,epoch,step
41.60709762573242,0,2
53.7076301574707,1,5
52.93601608276367,2,8
42.84336471557617,3,11
