validation loss,epoch,step
43.69844055175781,0,2
56.5799446105957,1,5
56.35746765136719,2,8
46.45398712158203,3,11
