validation loss,epoch,step,training loss,L1 component,MSE component,L0 sparsity
2.482957363128662,0,2,,,,
,1,4,0.6197620034217834,0.00010400213795946911,0.6196579337120056,661.1993408203125
0.6349138021469116,1,5,,,,
0.7090550661087036,2,8,,,,
,3,9,0.8555096983909607,6.14344171481207e-05,0.855448305606842,327.94158935546875
0.731670618057251,3,11,,,,
,4,14,0.8695500493049622,3.9981412555789575e-05,0.8695101141929626,146.51881408691406
0.5777628421783447,4,14,,,,
