validation loss,epoch,step
0.20211155712604523,0,2
0.19652621448040009,1,5
0.19670574367046356,2,8
0.20220661163330078,3,11
0.20970898866653442,4,14
