validation loss,epoch,step
43.741336822509766,0,2
58.33922576904297,1,5
58.87337112426758,2,8
48.84992218017578,3,11
