loss,L1 component,KL component,MSE component,epoch,step
5.363234519958496,5.267488479614258,0.0849391520023346,0.010806893929839134,6,24
