validation loss,epoch,step
41.39044952392578,0,2
52.13199996948242,1,5
50.9873046875,2,8
41.58918762207031,3,11
