Dimension index,Feature impact on ground truth logit
0,4.369883060455322
1,3.6608691215515137
7,2.0381088256835938
3,-5.437265872955322
5,-7.69926118850708
6,-8.060678482055664
4,-9.723467826843262
8,-10.601866245269775
2,-10.80500078201294

Dimension index,Feature impact on ground truth logit

Dimension index,Feature impact on ground truth logit

Dimension index,Feature impact on ground truth logit

