validation loss,epoch,step
8.767671585083008,0,2
9.847500801086426,1,5
10.367158889770508,2,8
11.275922775268555,3,11
