validation loss,epoch,step
42.1520881652832,0,2
53.27208709716797,1,5
52.57310104370117,2,8
43.267242431640625,3,11
