training_loss,epoch,step
0.13890811800956726,12,49
0.07512707263231277,24,99
0.0641714334487915,37,149
0.054130326956510544,49,199
