validation loss,epoch,step
40.641082763671875,0,2
53.05183792114258,1,5
51.771427154541016,2,8
41.53340148925781,3,11
