loss,L1 component,KL component,MSE component,epoch,step
11.277324676513672,9.017609596252441,2.044642686843872,0.21507219970226288,6,24
7.730612754821777,6.890974044799805,0.7350693941116333,0.10456924885511398,12,49
5.3164544105529785,5.017486095428467,0.26815083622932434,0.030817609280347824,18,74
