loss,L1 component,KL component,MSE component,epoch,step
11.277324676513672,9.017609596252441,2.044642686843872,0.21507219970226288,6,24
7.730612754821777,6.890974044799805,0.7350693941116333,0.10456924885511398,12,49
5.3164544105529785,5.017486095428467,0.26815083622932434,0.030817609280347824,18,74
3.7535653114318848,3.7374355792999268,0.011136610992252827,0.0049933139234781265,24,99
3.0786776542663574,3.0736498832702637,0.004474091809242964,0.0005535809323191643,31,124
3.008267879486084,3.0078341960906982,0.0003731995529960841,6.062325701350346e-05,37,149
2.7126200199127197,2.7124648094177246,0.00012790657638106495,2.749380473687779e-05,43,174
3.1763815879821777,3.1763319969177246,2.4237682737293653e-05,2.5200648451573215e-05,49,199
