validation loss,epoch,step
0.1024976596236229,0,2
0.08465325087308884,1,5
0.08846671879291534,2,8
0.0960966944694519,3,11
0.1121373400092125,4,14
