training_loss,epoch,step
0.14072008430957794,12,49
0.07571195811033249,24,99
0.06448760628700256,37,149
0.05371204763650894,49,199
