validation loss,epoch,step
43.37024688720703,0,2
55.59028625488281,1,5
55.257415771484375,2,8
45.094871520996094,3,11
