validation loss,epoch,step
40.64116668701172,0,2
54.37963104248047,1,5
54.39752960205078,2,8
44.610633850097656,3,11
